{"cameraMode":{"drawMode":0,"name":"Shaded","section":"Shading Mode"},"sceneLighting":false,"audioPlay":false,"sceneViewState":{"m_AlwaysRefresh":false,"showFog":false,"showSkybox":false,"showFlares":true,"showImageEffects":true,"showParticleSystems":true,"showVisualEffectGraphs":true,"m_FxEnabled":true},"in2DMode":false,"pivot":{"x":101.04000091552735,"y":24.600000381469728,"z":701.4000244140625},"rotation":{"x":-0.005505844485014677,"y":0.9539446234703064,"z":-0.29983001947402956,"w":-0.01998414658010006},"size":12.12435531616211,"orthographic":false}