{"cameraMode":{"drawMode":0,"name":"Shaded","section":"Shading Mode"},"sceneLighting":true,"audioPlay":false,"sceneViewState":{"m_AlwaysRefresh":false,"showFog":false,"showSkybox":true,"showFlares":true,"showImageEffects":true,"showParticleSystems":true,"showVisualEffectGraphs":true,"m_FxEnabled":true},"in2DMode":false,"pivot":{"x":2.0836429595947267,"y":2.2953312397003176,"z":10.783738136291504},"rotation":{"x":0.24594523012638093,"y":0.0630003958940506,"z":-0.016281859949231149,"w":0.9672502279281616},"size":0.7180702090263367,"orthographic":false}